title,url,publishedAt
Our Favorite Cosplay From Fan Expo Dallas 2024,https://kotaku.com/fan-expo-dallas-2024-best-cosplay-costume-star-wars-1851562355,2024-06-27T14:10:00Z
The Creator Of Yu Yu Hakusho Recycled His Main Characters For Hunter X Hunter,https://www.slashfilm.com/1604334/yu-yu-hakusho-hunter-x-hunter-recycled-characters/,2024-06-22T13:45:25Z
Hunter x Hunter Nen x Impact Fighting Game's Trailer Reveals Feitan,https://www.animenewsnetwork.com/news/2024-07-12/hunter-x-hunter-nen-x-impact-fighting-game-trailer-reveals-feitan/.213149,2024-07-12T11:21:53Z
Feitan se confirma como uno de los personajes jugables de Hunter x Hunter: Nex x Impact,https://vandal.elespanol.com/noticia/1350772782/feitan-se-confirma-como-uno-de-los-personajes-jugables-de-hunter-x-hunter-nex-x-impact/,2024-07-13T11:56:00Z
"How To Watch Evo 2024: Every Tournament, Announcement, And Exhibition",https://www.gamespot.com/articles/how-to-watch-evo-2024-every-tournament-announcement-and-exhibition/1100-6525098/,2024-07-18T14:18:00Z
Hunter x Hunter : Nen x Impact - Du gameplay pour Feitan,https://www.gamekult.com/actualite/hunter-x-hunter-nen-x-impact-du-gameplay-pour-feitan-3050859225.html,2024-07-15T12:30:00Z
"Hunter x Hunter Nen x Impact Roster Revealed, Includes Meruem",https://www.siliconera.com/hunter-x-hunter-nen-x-impact-roster-revealed-includes-meruem/,2024-07-20T00:00:00Z
Hunter x Hunter Proved Why It Deserves The Title of Masterpiece With One Villain's Arc,https://screenrant.com/hunter-x-hunter-anime-manga-deserves-masterpiece-status-one-villain-arc/,2024-06-30T18:00:11Z
Chrollo Will Be Playable in Hunter x Hunter: Nen x Impact,https://www.siliconera.com/chrollo-will-be-playable-in-hunter-x-hunter-nen-x-impact/,2024-07-07T15:30:27Z
Feitan Portor Will Appear in Hunter x Hunter: Nen x Impact,https://www.siliconera.com/feitan-portor-will-appear-in-hunter-x-hunter-nen-x-impact/,2024-07-12T15:30:00Z
Machi and Uvogin Will Join Hunter x Hunter: Nen x Impact,https://www.siliconera.com/machi-and-uvogin-will-join-hunter-x-hunter-nen-x-impact/,2024-07-01T13:00:00Z
Hunter x Hunter : Nen x Impact - Machi et Uvogin annoncés en vidéo,https://www.gamekult.com/actualite/hunter-x-hunter-nen-x-impact-machi-et-uvogin-annonces-en-video-3050859098.html,2024-07-01T07:54:00Z
Hunter x Hunter: Nen x Impact confirma Meruem para o seu elenco,https://www.gamevicio.com/noticias/2024/07/hunter-x-hunter-nen-x-impact-confirma-meruem-para-o-seu-elenco/,2024-07-19T17:42:35Z
Hunter x Hunter: Nen x Impact confirma Feitan para o seu elenco,https://www.gamevicio.com/noticias/2024/07/hunter-x-hunter-nen-x-impact-confirma-feitan-para-o-seu-elenco/,2024-07-12T16:52:10Z
Hunter Era Weapons Guide,https://www.droidgamers.com/guides/hunter-era-weapons-guide/,2024-07-17T16:32:17Z
UNIQLO: 18% Cashback @ ShopBack,https://www.ozbargain.com.au/node/856488,2024-07-15T17:31:58Z
10 animes que merecem um remake,https://olhardigital.com.br/2024/06/25/cinema-e-streaming/10-animes-que-merecem-um-remake/,2024-06-25T09:20:00Z
Hunter x Hunter: Nen x Impact adds Chrollo,https://www.gematsu.com/2024/07/hunter-x-hunter-nen-x-impact-adds-chrollo,2024-07-07T02:35:06Z
Hunter x Hunter: Nen x Impact adds Feitan,https://www.gematsu.com/2024/07/hunter-x-hunter-nen-x-impact-adds-feitan,2024-07-12T09:45:56Z
Hunter x Hunter: Nen x Impact adds Meruem; opening movie,https://www.gematsu.com/2024/07/hunter-x-hunter-nen-x-impact-adds-meruem-opening-movie,2024-07-19T17:15:15Z
"Hunter x Hunter: Nen x Impact ""Chrollo"" trailer",https://gonintendo.com/contents/37604-hunter-x-hunter-nen-x-impact-chrollo-trailer,2024-07-07T04:37:00Z
"Hunter x Hunter: Nen x Impact ""Feitan"" trailer",https://gonintendo.com/contents/37833-hunter-x-hunter-nen-x-impact-feitan-trailer,2024-07-12T14:33:00Z
"Hunter x Hunter: Nen x Impact ""Machi"" and ""Ugovin"" trailers",https://gonintendo.com/contents/37389-hunter-x-hunter-nen-x-impact-machi-and-ugovin-trailers,2024-07-01T06:28:00Z
Blizzard Entertainment представила Джуно — новую героиню для Overwatch 2,https://overclockers.ru/blog/NOVO_GEEK/show/169468/Blizzard-Entertainment-predstavila-novuju-geroinju-dlya-Overwatch-2-Dzhuno,2024-07-19T04:45:51Z
"Hunter x Hunter: Nen x Impact ""Meruem"" trailer and opening movie",https://gonintendo.com/contents/38098-hunter-x-hunter-nen-x-impact-meruem-trailer-and-opening-movie,2024-07-19T17:14:00Z
Hunter x Hunter: Nen x Impact devs on doing the source material justice,https://gonintendo.com/contents/37379-hunter-x-hunter-nen-x-impact-devs-on-doing-the-source-material-justice,2024-06-30T05:08:00Z
"Overwatch 2 desvela su nuevo héroe de apoyo, y será jugable este fin de semana",https://es.ign.com/overwatch-2/205669/news/overwatch-2-desvela-su-nuevo-heroe-de-apoyo-y-sera-jugable-este-fin-de-semana,2024-07-19T07:03:03Z
Dead Rising Deluxe Remaster se publicará el 19 de septiembre,https://www.anaitgames.com/podcast/recarga-activa/dead-rising-deluxe-remaster-se-publicara-el-19-de-septiembre/,2024-07-02T09:57:24Z
Hunter x Hunter : Nen x Impact montre les talents de Chrollo en vidéo,https://www.gamekult.com/actualite/hunter-x-hunter-nen-x-impact-montre-les-talents-de-chrollo-en-video-3050859159.html,2024-07-08T06:56:00Z
Hunter x Hunter : Nen x Impact confirme enfin Meruem avec du gameplay,https://www.gamekult.com/actualite/hunter-x-hunter-nen-x-impact-confirme-enfin-meruem-avec-du-gameplay-3050859266.html,2024-07-19T18:25:00Z
"Face au RN, l’angoisse physique des personnes racisées",https://www.mediapart.fr/journal/france/070724/face-au-rn-l-angoisse-physique-des-personnes-racisees,2024-07-07T07:36:37Z
Hunter Era codes July 2024,https://www.pockettactics.com/hunter-era/codes,2024-07-08T13:15:16Z
"""Niraya of ■■"" é o novo jogo do estúdio de Silent Hill: The Short Message",https://www.gamevicio.com/noticias/2024/07/niraya-of-e-o-novo-jogo-do-estudio-de-silent-hill-the-short-message/,2024-07-19T18:23:26Z
GAME España revela los juegos más vendidos en junio de 2024,https://vandal.elespanol.com/noticia/1350772565/game-espana-revela-los-juegos-mas-vendidos-en-junio-de-2024/,2024-07-03T09:38:00Z
Telltale publica novas imagens de The Wolf Among Us 2,https://www.gamevicio.com/noticias/2024/07/telltale-publica-novas-imagens-de-the-wolf-among-us-2/,2024-07-12T17:04:05Z
Arc System Works establishes Arc System Works Europe,https://www.gematsu.com/2024/07/arc-system-works-establishes-arc-system-works-europe,2024-07-01T07:15:37Z
,https://www.uol.com.br/splash/noticias/2024/07/17/guia-atracoes-anime-friends-2024-bandas-dubladores.htm,2024-07-17T09:08:58Z
30+ Low-Cost Cosplay Costumes That Are Hilariously On Point,https://pleated-jeans.com/2024/07/12/low-cost-cosplay-funny/,2024-07-12T17:41:02Z
"Hunter Era Nen Guide – Nen Types, Rarity, And Rerolling",https://www.droidgamers.com/guides/hunter-era-nen-guide/,2024-07-15T16:25:13Z
"Overwatch 2 Reveals Newest Support Hero, and She'll Be Playable This Weekend",https://www.ign.com/articles/overwatch-2-reveals-newest-support-hero-and-shell-be-playable-this-weekend,2024-07-18T17:46:58Z
Hunter X Hunter's Unresolved Mysteries: 10 Storylines That Demand Answers,https://timesofindia.indiatimes.com/entertainment/english/hollywood/news/hunter-x-hunters-unresolved-mysteries-10-storylines-that-demand-answers/articleshow/111782682.cms,2024-07-16T11:24:22Z
‘Hunter x Hunter Nen x Impact Fighting’ divulga trailer de Feitan,https://www.jbox.com.br/2024/07/12/hunter-x-hunter-nen-x-impact-fighting-divulga-trailer-de-feitan/,2024-07-12T18:24:19Z
Создатели Guilty Gear и BlazBlue взяли курс на Европу — Arc System Works открыла офис в Париже,https://3dnews.ru/1107343/sozdateli-guilty-gear-i-blazblue-vzyali-kurs-na-evropu-arc-system-works-otkryla-ofis-v-parizhe,2024-07-01T16:10:00Z
Plus-Sized Elf Anime's Main Promo Video Previews Opening Song,https://www.animenewsnetwork.com/news/2024-07-03/plus-sized-elf-anime-main-promo-video-previews-opening-song/.212776,2024-07-03T10:44:35Z
Il nuovo trailer di Hunter x Hunter: Nen x Impact presenta Feitan e le sua abilità di combattimento,https://multiplayer.it/notizie/trailer-hunter-x-hunter-nen-x-impact-presenta-feitan.html,2024-07-12T19:39:45Z
"Gravidade, cura, velocidade e aumento de dano: nova heroína suporte de Overwatch 2 é revelada",https://br.ign.com/overwatch-2/127136/news/gravidade-cura-velocidade-e-aumento-de-dano-nova-heroina-suporte-de-overwatch-2-e-revelada,2024-07-18T20:08:54Z
"Nico Williams es otaku: dónde ver Hunter X Hunter, la serie anime a la que está enganchado",https://www.elmundo.es/television/series/2024/07/16/6696770de85ece9e6e8b4584.html,2024-07-16T13:44:07Z
"Hunter x Hunter Nen x Impact Fighting Game's Trailers Reveal Machi, Uvogin",https://www.animenewsnetwork.com/news/2024-06-30/hunter-x-hunter-nen-x-impact-fighting-game-trailers-reveal-machi-uvogin/.212659,2024-07-01T03:29:54Z
Nuevo personaje aparece en tráiler de Hunter x Hunter: Nen x Impact,https://atomix.vg/nuevo-personaje-aparece-en-trailer-de-hunter-x-hunter-nen-x-impact/,2024-07-12T21:40:07Z
Nintendo Switch Sports Basketball Update Worked On By Eighting,https://www.nintendolife.com/news/2024/07/nintendo-switch-sports-basketball-update-worked-on-by-eighting,2024-07-10T14:00:00Z
People only love Epcot for the booze,https://www.polygon.com/24199110/epcot-disney-drinking-around-the-world-why,2024-07-16T18:00:00Z
HUNTER×HUNTER NEN×IMPACT's Tomoyasu Miyazaki Talks Bringing Fan-Favorite Series into Gaming Arena,https://www.animenewsnetwork.com/convention/2024/all-the-announcements-from-anime-expo/hunter-hunter-nen-impact-tomoyasu-miyazaki-talks-bringing-fan-favorite-series-into-gaming-arena/.212596,2024-07-15T18:45:00Z
Hunter x Hunter: Nen x Impact - Trailer di Feitan,https://multiplayer.it/ricerca/?q=video%20Hunter%20x%20Hunter:%20Nen%20x%20Impact%20-%20Trailer%20di%20Feitan,2024-07-12T19:42:30Z
Fanáticos eligen a los 100 mejores animes de la historia,https://atomix.vg/fanaticos-eligen-a-los-100-mejores-animes-de-la-historia/,2024-06-24T01:00:46Z
Arc System Works Reveals New Characters For Two Switch Fighters,https://www.nintendolife.com/news/2024/07/arc-system-works-reveals-new-characters-for-two-switch-fighters,2024-07-07T13:00:00Z
Hunter x Hunter Nen x Impact Fighting Game's Trailer Reveals Chrollo,https://www.animenewsnetwork.com/news/2024-07-06/hunter-x-hunter-nen-x-impact-fighting-game-trailer-reveals-chrollo/.212937,2024-07-07T02:37:13Z
"Hunter x Hunter Nen x Impact Fighting Game's Character Video, Opening Movie Reveals Meruem",https://www.animenewsnetwork.com/news/2024-07-19/hunter-x-hunter-nen-x-impact-fighting-game-character-video-opening-movie-reveals-meruem/.213397,2024-07-19T17:43:52Z
Megan Thee Stallion Re-Records ‘Otaku Hot Girl’ Over Last-Minute Complication With Anime Sample,http://www.rollingstone.com/music/music-news/megan-thee-stallion-rerecords-boa-anime-sampling-song-1235047459/,2024-06-27T14:14:22Z
Chris Hackney to Attend Matsuricon,https://www.animenewsnetwork.com/press-release/2024-06-25/chris-hackney-to-attend-matsuricon/.212392,2024-06-25T05:10:15Z
Faye Mata to Appear at DerpyCon 2024,https://www.animenewsnetwork.com/press-release/2024-07-03/faye-mata-to-appear-at-derpycon-2024/.212755,2024-07-03T07:01:02Z
Jujutsu Kaisen : entre bonne et mauvaise nouvelle pour le manga,https://www.gameblog.fr/geek/ed/news/jujutsu-kaisen-jjk-manga-pause-gege-akutami-577327,2024-06-24T12:00:00Z
De l’ombre d’un rêve à sa lumière : entretien exclusif avec le rappeur YUNG POOR ALO,https://www.konbini.com/popculture/de-lombre-dun-reve-a-sa-lumiere-entretien-exclusif-avec-le-rappeur-yung-poor-alo/,2024-06-21T15:11:24Z
Evo 2024: How to watch the year’s biggest fighting game event,https://www.polygon.com/24199999/evo-2024-schedule-twitch-stream-top-6,2024-07-18T18:43:45Z
