title,url,publishedAt
The Creator Of Yu Yu Hakusho Recycled His Main Characters For Hunter X Hunter,https://www.slashfilm.com/1604334/yu-yu-hakusho-hunter-x-hunter-recycled-characters/,2024-06-22T13:45:25Z
Hunter x Hunter Nen x Impact Fighting Game's Trailer Reveals Feitan,https://www.animenewsnetwork.com/news/2024-07-12/hunter-x-hunter-nen-x-impact-fighting-game-trailer-reveals-feitan/.213149,2024-07-12T11:21:53Z
Feitan se confirma como uno de los personajes jugables de Hunter x Hunter: Nex x Impact,https://vandal.elespanol.com/noticia/1350772782/feitan-se-confirma-como-uno-de-los-personajes-jugables-de-hunter-x-hunter-nex-x-impact/,2024-07-13T11:56:00Z
Hunter Era Nen Tier List – Nen Abilities Ranked!,https://www.droidgamers.com/guides/hunter-era-nen-tier-list/,2024-07-12T13:31:39Z
"Hunter Era Nen Guide – Nen Types, Rarity, And Rerolling",https://www.droidgamers.com/guides/hunter-era-nen-guide/,2024-07-15T16:25:13Z
Machi and Uvogin Will Join Hunter x Hunter: Nen x Impact,https://www.siliconera.com/machi-and-uvogin-will-join-hunter-x-hunter-nen-x-impact/,2024-07-01T13:00:00Z
Feitan Portor Will Appear in Hunter x Hunter: Nen x Impact,https://www.siliconera.com/feitan-portor-will-appear-in-hunter-x-hunter-nen-x-impact/,2024-07-12T15:30:00Z
"Hunter x Hunter Nen x Impact Roster Revealed, Includes Meruem",https://www.siliconera.com/hunter-x-hunter-nen-x-impact-roster-revealed-includes-meruem/,2024-07-20T00:00:00Z
30+ Low-Cost Cosplay Costumes That Are Hilariously On Point,https://pleated-jeans.com/2024/07/12/low-cost-cosplay-funny/,2024-07-12T17:41:02Z
Hunter x Hunter : Nen x Impact confirme enfin Meruem avec du gameplay,https://www.gamekult.com/actualite/hunter-x-hunter-nen-x-impact-confirme-enfin-meruem-avec-du-gameplay-3050859266.html,2024-07-19T18:25:00Z
Why the Internet Is Comparing Cristiano Ronaldo to Homelander,https://www.ign.com/articles/why-the-internet-is-comparing-cristiano-ronaldo-to-homelander,2024-07-02T11:06:03Z
Fãs ou haters? Entenda por que o público de The Boys está comparando Cristiano Ronaldo com Capitão Pátria,https://br.ign.com/the-boys/126348/news/fas-ou-haters-entenda-por-que-o-publico-de-the-boys-esta-comparando-cristiano-ronaldo-com-capitao-pa,2024-07-02T14:34:17Z
The 5 best things our food writers ate in the Twin Cities area this week,https://www.startribune.com/5-best-things-we-ate-minneapolis-st-paul-sandwich-meteor-bar-jax-cafe/600376930/,2024-06-28T12:00:00Z
Il nuovo trailer di Hunter x Hunter: Nen x Impact presenta Feitan e le sua abilità di combattimento,https://multiplayer.it/notizie/trailer-hunter-x-hunter-nen-x-impact-presenta-feitan.html,2024-07-12T19:39:45Z
HUNTER×HUNTER NEN×IMPACT's Tomoyasu Miyazaki Talks Bringing Fan-Favorite Series into Gaming Arena,https://www.animenewsnetwork.com/convention/2024/all-the-announcements-from-anime-expo/hunter-hunter-nen-impact-tomoyasu-miyazaki-talks-bringing-fan-favorite-series-into-gaming-arena/.212596,2024-07-15T18:45:00Z
"Hunter x Hunter Nen x Impact Fighting Game's Trailers Reveal Machi, Uvogin",https://www.animenewsnetwork.com/news/2024-06-30/hunter-x-hunter-nen-x-impact-fighting-game-trailers-reveal-machi-uvogin/.212659,2024-07-01T03:29:54Z
Arc System Works Reveals New Characters For Two Switch Fighters,https://www.nintendolife.com/news/2024/07/arc-system-works-reveals-new-characters-for-two-switch-fighters,2024-07-07T13:00:00Z
Memes: entenda comparação entre Cristiano Ronaldo e Homelander que viralizou nas redes sociais,"https://www.terra.com.br/esportes/futebol/memes-entenda-comparacao-entre-cristiano-ronaldo-e-homelander-que-viralizou-nas-redes-sociais,07ee2f2b102cde6dfa3e4997ca54a538gz245eck.html",2024-07-03T22:15:37Z
Hunter x Hunter Nen x Impact Fighting Game's Trailer Reveals Chrollo,https://www.animenewsnetwork.com/news/2024-07-06/hunter-x-hunter-nen-x-impact-fighting-game-trailer-reveals-chrollo/.212937,2024-07-07T02:37:13Z
"Hunter x Hunter Nen x Impact Fighting Game's Character Video, Opening Movie Reveals Meruem",https://www.animenewsnetwork.com/news/2024-07-19/hunter-x-hunter-nen-x-impact-fighting-game-character-video-opening-movie-reveals-meruem/.213397,2024-07-19T17:43:52Z
